<?xml version="1.0" encoding="UTF-8"?>
<StudentList>

 <student>
<sname>Maherin</sname><br/>
<sid>16-31247-1</sid>
<cgpa>3.93</cgpa>
 
<courses>
<course>
  <cname>Web Tech</cname><csec>D</csec><cgrade>F</cgrade>
  <cname>CN</cname><csec>I</csec><cgrade>A+</cgrade>
</course>
  </courses>
 
 </student>
  
 <student>
<sname>Sraboni</sname><br/>
<sid>16-31077-1</sid>
<cgpa>3.91</cgpa>
 

<courses>
<course>
  <cname>Web Tech</cname><csec>D</csec><cgrade>F</cgrade>
  <cname>CN</cname><csec>I</csec><cgrade>A+</cgrade>
</course>
  </courses>

 
 </student>
    
</StudentList>